gene,pval,qval,log2fc,mean,zero_mean,grad,ll
ENSG00000004478,0.0071244630072828,0.0080572369450309,2.5767141990411213,0.0441990866413056,False,2.119179955484894e-09,-1311.2554599730802
ENSG00000009307,0.0,0.0,-0.9339059211762382,0.3357368935258046,False,1.867881157671686e-09,-5347.1861904696
ENSG00000009413,1.4699352846037073e-13,2.4963985680896856e-13,2.6159349121944038,0.0506266030043166,False,2.4050957002881424e-10,-1488.05627114431
ENSG00000025434,1.7582638567326114e-08,2.495439638025605e-08,4.225372824628503,0.0457816873250699,False,2.2301563871873077e-10,-1383.0487867414354
ENSG00000026025,0.0,0.0,3.3445199982886105,0.819498409521702,False,5.3644365679413435e-09,-6245.454747655285
ENSG00000028116,5.048595289380842e-05,6.245299357974818e-05,3.126760535960394,0.0462819153064889,False,1.0877244975275376e-10,-1403.5571322813255
ENSG00000029364,3.1086244689504387e-15,5.5821536162873456e-15,1.2195571974035837,0.1614873722216975,False,1.7404337098312623e-09,-3464.027000174286
ENSG00000033170,0.0,0.0,2.5373271304845404,0.0443552114150392,False,6.560520833900388e-10,-1311.3902346958696
ENSG00000037474,0.0003887551372849,0.0004593545372164,3.0015973930063877,0.0274615312481973,False,2.786674649192037e-10,-926.7949881620548
ENSG00000049245,5.834334682042197e-09,8.497097894485873e-09,4.0430512678345485,0.0215250554917955,False,1.0200939877944952e-10,-756.6025359736868
ENSG00000049860,0.0,0.0,2.3084502124464428,0.1946769457895819,False,1.3247021133777239e-09,-3855.326218706649
ENSG00000057608,0.0,0.0,-0.9445165849044383,0.2937427519298181,False,9.660799370159862e-09,-4945.685553846639
ENSG00000058272,5.519937840148258e-10,8.346388600335752e-10,3.126760535960394,0.0503405605802913,False,1.463861194874045e-10,-1478.33777504669
ENSG00000060237,0.0,0.0,1.864518823510483,0.0977237070125531,False,1.0787658265446486e-10,-2377.828519058676
ENSG00000064933,0.0,0.0,1.544351295914213,0.1892738477732203,False,4.177555384326496e-10,-3848.628224679327
ENSG00000065923,5.678801873187922e-10,8.543782998399846e-10,3.124030146182553,0.0097569403895597,False,1.4939280431059785e-10,-367.3732411171037
ENSG00000065978,1.2212453270876722e-15,2.224886941348814e-15,-0.5167586518776484,1.181933973292883,False,3.4437121403671366e-09,-10799.574464659325
ENSG00000069275,2.639888307953697e-12,4.198679499316833e-12,2.5389738710582748,0.0639346114328888,False,2.698961362394104e-09,-1759.7944446215597
ENSG00000070756,0.0,0.0,-1.223514358457663,0.6762137570442374,False,2.2117084830398399e-10,-8128.4017358703695
ENSG00000071127,1.0014798990098939e-09,1.497735610161065e-09,2.576714199041122,0.064101826309697,False,1.6788209592778526e-10,-1788.3734355587203
ENSG00000075142,3.5497427219866035e-10,5.389154859743298e-10,3.1675825300667277,0.1195389287886136,False,1.4165222258862447e-09,-2736.1881237674743
ENSG00000075785,0.0,0.0,2.615934912194403,0.0809804348484343,False,7.862046949780836e-10,-2087.0168836620064
ENSG00000077254,6.587973799043745e-06,8.550712107049005e-06,3.528279030903621,0.0342982539135774,False,9.285975061657019e-11,-1108.396278294849
ENSG00000077549,1.0347278589506461e-13,1.7632607392322233e-13,1.8886818287380616,0.1075142888827928,False,3.0480331858622945e-10,-2611.5605811525456
ENSG00000079819,0.0,0.0,3.8889005880072895,0.0371480493343434,False,3.5830506122520797e-10,-1109.555005692497
ENSG00000079999,0.0324760642800296,0.0350657504402906,3.637586159726384,0.0254564840730374,False,1.5597076177582782e-10,-885.4373229393226
ENSG00000084234,0.0,0.0,3.2698613796010663,0.0994076199596716,False,1.5915604363610819e-09,-2399.543078998466
ENSG00000085274,3.548147329279772e-07,4.804383275592339e-07,3.001597393006388,0.0223910435825669,False,4.182813412993204e-11,-787.6806034524742
ENSG00000087365,0.0,0.0,1.845650872253176,0.104363584461235,False,8.863509096493027e-10,-2529.39592006368
ENSG00000087460,4.575245515781034e-09,6.682793012846351e-09,2.4418520830495,0.2927402920300305,False,3.352674494004354e-11,-5158.299899861556
ENSG00000088038,0.0225467441846179,0.0246370977217854,3.755369195382768,0.0281220844995335,False,3.28886219220333e-10,-944.697873421515
ENSG00000090013,0.0003422059516321,0.000406268203241,4.0430512678345485,0.0294319003101477,False,1.992488084233909e-10,-982.5627307353648
ENSG00000091513,0.0154580345551544,0.0172099451380719,4.320140563123255,0.0247754537785063,False,0.0250965116218505,-681.9480251960744
ENSG00000092964,0.0,0.0,4.0430512678345485,0.0344907478159401,False,1.163950062340754e-10,-893.9594776297387
ENSG00000095637,0.0,0.0,5.834810737062602,0.0310542449686791,False,1.9144183299970095e-10,-889.525032245774
ENSG00000095787,1.1963763313360689e-12,1.9334985225786143e-12,2.338303175596124,0.2081939595930579,False,4.131773948359245e-10,-4126.354045220966
ENSG00000096060,0.0,0.0,2.4008235325774576,0.1012767458806991,False,3.231991450980916e-11,-2353.075277883306
ENSG00000096384,0.0,0.0,-1.509505489232328,0.720192420562871,False,2.8196992295793254e-08,-7967.100914847813
ENSG00000099783,0.0001499685895618,0.0001828084266921,2.279462675573191,0.0757119280329453,False,3.084091145819489e-09,-2006.6091461143917
ENSG00000099875,0.0236397907575399,0.0256909656605803,3.349904087274604,0.0403115036971216,False,6.585284728932444e-11,-1272.276078162786
ENSG00000100380,7.029707260741702e-09,1.014951970499018e-08,1.8661497636856124,0.0777786669776779,False,7.015005986906135e-09,-1992.9993149128204
ENSG00000100664,1.9984014443252818e-15,3.614437269339228e-15,1.4158449930934658,0.1965250291152954,False,9.969369003485763e-10,-3951.301453726721
ENSG00000100749,7.587206695136572e-05,9.33953453135976e-05,3.197629107832116,0.0204435369995583,False,8.458092358294569e-11,-737.5079430863417
ENSG00000100997,0.0141845262636901,0.0158272776349861,5.141663556502658,0.0248160935331627,False,2.2795443229810548e-12,-863.4499175230709
ENSG00000101346,0.000297846327557,0.0003552881193001,4.448516375942713,0.0167212267565787,False,5.414671377212548e-10,-616.8833826641473
ENSG00000101347,0.0,0.0,4.499809670330263,0.1846728464995658,False,6.804514903390156e-10,-3490.1466583816264
ENSG00000101558,3.6588313490071304e-09,5.359866976177111e-09,2.8643962714929025,0.080238361933791,False,3.646890631581618e-10,-2112.9529639086395
ENSG00000101745,0.0,0.0,1.4680353050024098,0.1171128726836805,False,6.711932948631617e-11,-2690.372605315409
ENSG00000101846,0.0004247590796705,0.0005007159974469,5.125225696654296,0.0192026284830025,False,2.3113568957927232e-11,-695.9671847668307
ENSG00000101856,0.0,0.0,4.918520005188448,0.0630998112838236,False,1.0964744654186876e-09,-1682.8967045262773
ENSG00000102158,0.0,0.0,3.0622220148228227,0.0408791056927876,False,1.461429830203083e-10,-1221.8931699602008
ENSG00000102910,0.0,0.0,1.5173226235262942,0.2258472819368843,False,9.019510666268156e-10,-4320.249486074941
ENSG00000103037,0.0,0.0,2.338303175596124,0.3365291517590834,False,1.2014120465800835e-09,-5332.763004745334
ENSG00000103222,0.0,0.0,2.369074834262878,0.0329236984128803,False,7.924434593619653e-13,-999.8533745906838
ENSG00000103226,0.0046696701863079,0.0053170562803188,2.395420296893136,0.0064501946328517,False,0.0054329468720118,-216.6323156556556
ENSG00000104408,1.440599516344676e-07,1.988265448178189e-07,2.080897773321326,0.0734252298586433,False,3.431294910794928e-09,-1948.2649187140769
ENSG00000105270,0.0,0.0,5.834810737062602,0.0204295683833387,False,3.597825909987542e-11,-468.0268732896242
ENSG00000105323,0.0,0.0,1.3475634836999255,0.1518651118647745,False,8.02877120955369e-10,-3220.799057928986
ENSG00000105750,9.525713551283844e-14,1.6287994843662817e-13,2.839078463508613,0.0095961615353858,False,2.44346906177647e-12,-363.0206857787793
ENSG00000105855,2.3314683517128287e-15,4.201674979165925e-15,3.7553691953827673,0.1024329549323022,False,3.415528611021126e-10,-2443.594225170162
ENSG00000105856,5.051167525138567e-06,6.5730777405049925e-06,3.001597393006388,0.0831848626794234,False,1.8540136375939668e-11,-2181.470498109626
ENSG00000106617,0.0001622132153212,0.0001966272001899,4.222065200886557,0.039195261036824,False,1.9974498301339747e-10,-1235.909444941395
ENSG00000107372,0.0,0.0,2.6567569067146586,0.077699328551654,False,5.052945348069321e-10,-1898.971846142196
ENSG00000107897,1.0020873020266665e-12,1.6406723474358165e-12,3.3453950373402432,0.0811962682249102,False,1.7926482488222252e-09,-2100.615979882347
ENSG00000108424,0.0,0.0,1.3622844024761314,0.1098421093135551,False,2.8983345035036323e-09,-2617.4251662414085
ENSG00000108551,0.0,0.0,4.736198448394493,0.0531732184115082,False,4.3298169787080527e-10,-1164.4493901428193
ENSG00000108559,0.0,0.0,1.8094590463274551,0.1568244260430582,False,2.687126072595192e-10,-3360.9832416016657
ENSG00000108654,0.0,0.0,-1.0039532458896034,1.2176019009091004,False,1.0293707114929128e-08,-10964.218600375234
ENSG00000108883,0.0186093349211461,0.0204907182318554,3.269861379601067,0.0260176602346363,False,9.436211650491323e-10,-890.2421043048487
ENSG00000109332,2.156053113822054e-13,3.612650869648325e-13,2.1817277051615167,0.1006148935156743,False,2.4736741999405565e-10,-2484.7090308441625
ENSG00000109686,0.0,0.0,-1.5600590092038582,5.571155480630488,False,6.017240639927371e-11,-20628.35699402028
ENSG00000109971,0.0,0.0,1.280924843789529,0.6426979737475715,False,6.830329638565149e-10,-7628.048329717171
ENSG00000110075,5.315414774997862e-12,8.244652638618973e-12,2.3557708675862123,0.0453056872534494,False,5.2591680522287496e-11,-1355.4388045260937
ENSG00000110321,1.7541523789077473e-13,2.9690214251107484e-13,1.071056933277183,0.2076658160864758,False,5.518221180879839e-11,-4101.605552801346
ENSG00000111331,1.1811455147281436e-08,1.6859085552102563e-08,3.3481963009164546,0.0113211546158267,False,3.0735979262651895e-11,-441.5589291142264
ENSG00000111530,0.0007502807507738,0.0008721360931269,2.6993165211334547,0.0365338125444256,False,1.9728321988993128e-10,-1168.7309237465329
ENSG00000111540,1.2030730930034927e-05,1.529795988819162e-05,2.6158783704426987,0.0816805700919345,False,3.119293951671153e-10,-2140.2497438310697
ENSG00000111817,0.0,0.0,-2.52964647533456,0.4560825966840269,False,1.7765698303888395e-09,-6408.217681560466
ENSG00000112306,0.0,0.0,-1.2665685780921003,0.1935550588535997,False,5.240224797303174e-10,-3813.47604309404
ENSG00000113048,0.0016211120384846,0.0018585289045327,3.1957534074473446,0.0179826351695431,False,1.853136561348516e-12,-670.112218111227
ENSG00000113712,2.124533275527085e-06,2.793677614275773e-06,2.656756906714658,0.0761414570692943,False,1.33472181900273e-10,-2045.9568585899167
ENSG00000114023,0.0093670150463036,0.0105221402201751,4.448516375942712,0.0272557643609222,False,2.607610490124369e-10,-931.0103900030206
ENSG00000114423,0.0,0.0,2.5389738710582748,0.0889697100787929,False,2.054762178510425e-09,-1796.6244672125017
ENSG00000114686,0.0021551436579922,0.0024651300745528,3.637586159726384,0.0209027500124306,False,3.976622240230306e-10,-738.5202141934142
ENSG00000114790,1.6653345369377348e-15,3.0229442137891488e-15,3.3875221623208795,0.1088455926163183,False,1.5789358219810383e-11,-2622.394297679004
ENSG00000115234,9.626047283717298e-07,1.279217424175694e-06,2.790288299339181,0.0590943270817838,False,5.011376970675428e-12,-1687.06368701709
ENSG00000115295,0.0,0.0,3.8199077165203374,0.0249089208279734,False,9.755752983552414e-11,-737.0612547692475
ENSG00000115317,2.844391389089651e-13,4.734352444963174e-13,1.2678617638947112,0.201589001125929,False,5.967840431610078e-11,-3982.4913536860186
ENSG00000115368,3.605338250167733e-12,5.644607697918857e-12,3.269861379601067,0.0202585632413701,False,4.9189798027135725e-11,-713.6407326384674
ENSG00000115421,1.010792960443041e-08,1.4468779233770386e-08,3.532225644068557,0.0140814060487044,False,3.2352162335654906e-12,-530.9982580703261
ENSG00000115524,0.0,0.0,-1.3611463228106055,0.1290760353509464,False,1.279866351798031e-09,-2844.353644713777
ENSG00000116005,0.0,0.0,3.41940840398119,0.045586781235548,False,3.5857699769435966e-10,-1281.266238339192
ENSG00000116044,0.0,0.0,1.2558134245627333,1.1663135971011815,False,8.211042844812842e-09,-10832.0601650037
ENSG00000116062,0.0,0.0,1.0008260198098304,0.4730769331458627,False,5.907886466504713e-11,-6856.945451058119
ENSG00000116350,2.575427759943238e-09,3.794968552151655e-09,2.152710197164054,0.0933501918131256,False,5.745770522031008e-10,-2346.28178481202
ENSG00000117500,1.042277375518097e-12,1.7009151958780674e-12,2.315830319744065,0.1991700705835442,False,1.4021475725392134e-09,-4009.731135627151
ENSG00000117519,0.0,0.0,5.834810737062603,0.0540564096158271,False,2.969844985391528e-10,-1452.808872809674
ENSG00000117523,0.0,0.0,1.1619819026006988,0.1784124688715672,False,1.570804890910551e-09,-3658.750425826433
ENSG00000117713,1.1054744908367553e-07,1.5299522649425812e-07,2.699316521133454,0.0469075631616903,False,7.541254414958607e-11,-1411.5429840813797
ENSG00000118855,0.0,0.0,5.392578598461728,1.2893928878419434,False,1.1277051545959207e-09,-9581.886224179989
ENSG00000119185,0.0,0.0,4.736198448394494,0.1585079736110926,False,1.8485834118884767e-11,-3218.8848663838185
ENSG00000119408,1.500009116917056e-09,2.2366207368316816e-09,-2.466810165826439,0.0240348305016474,False,1.5804059087726433e-11,-819.907488216328
ENSG00000119655,0.0001100710371003,0.0001345014380177,1.7743677265161848,0.1331324911341577,False,6.82278474412959e-10,-3060.7254604819414
ENSG00000119844,6.020192899747201e-09,8.742367080502457e-09,2.097141118779237,0.0714647474089384,False,1.090089030261433e-09,-1938.5060883251945
ENSG00000119953,1.0760281554667017e-12,1.75029255158707e-12,3.637586159726384,0.0651639785493959,False,2.9352550122441237e-10,-1780.4561917379294
ENSG00000120265,0.0229994098968763,0.0250493573007283,3.4369154642642328,0.0200586432093829,False,2.5172542984341717e-10,-721.1238184792688
ENSG00000120334,0.0074486179541374,0.0083859721236468,2.8390784635086126,0.028123799616633,False,1.6686600092541232e-10,-953.8466181180396
ENSG00000120437,2.220446049250313e-16,4.0898657010088485e-16,2.988771868919348,0.0958832683808546,False,1.0011231148716438e-10,-2384.865259707054
ENSG00000120539,0.0,0.0,1.0145291714575675,0.4630440227130278,False,6.051209260337256e-10,-6643.59279378942
ENSG00000120738,0.0,0.0,3.022065307261398,0.6757840657455038,False,7.747014432621794e-09,-6581.148843736816
ENSG00000120885,0.0,0.0,5.547128664610823,0.0938099877692597,False,5.779274334675316e-09,-1580.168748916166
ENSG00000121644,0.0005070653415869,0.0005963374087677,3.755369195382768,0.0239237638278022,False,1.0076776757569811e-10,-836.1085998412326
ENSG00000121671,7.60046779180179e-07,1.0127219052374195e-06,4.043051267834548,0.0124029344488712,False,1.2184388298033313e-12,-485.0050308120671
ENSG00000122035,0.0,0.0,3.2682352858741908,0.1564603364615182,False,1.2976860970554312e-08,-3144.8876170644
ENSG00000122483,0.0,0.0,0.8395514173028799,0.586673077943622,False,1.006486640890106e-09,-7704.66046563432
ENSG00000122966,6.982714406689183e-11,1.0665670480949028e-10,4.448516375942713,0.0415187606253608,False,1.2524948084433588e-11,-1225.7108352478726
ENSG00000123358,0.0,0.0,1.1424377792751528,0.335284959904077,False,1.5526683766261706e-09,-5080.807288962339
ENSG00000123384,0.0,0.0,5.558358256475745,0.1208524998805212,False,1.4957074275800447e-11,-1977.6190844506116
ENSG00000123562,2.049332703535356e-09,3.028659836198269e-09,3.269861379601067,0.0467186904535061,False,2.004740120001802e-09,-1382.1514161840028
ENSG00000124243,0.0,0.0,-1.847125465086907,5.750345839515197,False,4.497628194618623e-10,-20903.54099696043
ENSG00000124422,1.3211653993039364e-14,2.3471768264229503e-14,2.7902882993391804,0.0692094990716236,False,1.3972622887549702e-09,-1861.4381613666271
ENSG00000124762,0.0,0.0,3.0622220148228227,0.1570622810686046,False,6.677012193990897e-09,-3028.5186605259137
ENSG00000125304,0.0,0.0,1.1713716429505374,0.3913673567212646,False,2.4076560324731478e-08,-5807.304700201036
ENSG00000125347,6.472600233564664e-14,1.1143548855724729e-13,2.1382739707404195,0.0823512840785178,False,2.82533290851311e-10,-2135.032736142127
ENSG00000125740,0.0,0.0,1.2137022854624395,0.6034997598334251,False,7.243393498215873e-09,-6498.716374609368
ENSG00000126012,1.8282988520690324e-05,2.2956835210190107e-05,2.890371757896164,0.0348776046064544,False,1.0293863099066951e-11,-1124.1661434909247
ENSG00000126709,0.0,0.0,3.349904087274603,0.0198256899682772,False,6.675863152073262e-11,-659.0470588745785
ENSG00000126746,9.115308903351329e-06,1.1709666052766705e-05,2.699316521133454,0.0355845237316869,False,1.8455669328822858e-10,-1145.2420639904512
ENSG00000127951,5.5511151231257833e-14,9.623213414138469e-14,3.269861379601067,0.0392182502653794,False,1.0388321663172595e-09,-1180.6351980775778
ENSG00000128016,0.0,0.0,1.994241348721024,1.4144225428368702,False,5.52872578146046e-10,-10369.947497788204
ENSG00000128272,0.0001613032203724,0.0001961478480742,3.637586159726384,0.0278269756787934,False,1.9204145409045152e-10,-943.8266944075818
ENSG00000128708,0.0,0.0,1.9429904389519776,0.0759336765660423,False,4.822064099572845e-09,-1930.784380990526
ENSG00000128908,0.0498581491745762,0.0533737878984245,3.755369195382768,0.0426660679979839,False,4.3659024704333176e-11,-1302.2910837078773
ENSG00000129071,0.0,0.0,-1.9747012737433072,0.0754433044604932,False,1.6656870712370654e-11,-1858.0337875389343
ENSG00000129534,8.659739592076221e-15,1.543960688836365e-14,2.279462675573191,0.03543395181346,False,6.156435384633964e-10,-1104.7592148294382
ENSG00000129675,0.0,0.0,-3.5417641530546016,0.015593762495002,False,1.919237550091184e-11,-480.0144644629685
ENSG00000130449,0.0158356552408378,0.0175912711211968,4.918520005188448,0.0170663637268603,False,5.779237098891809e-11,-638.9831028360818
ENSG00000130741,2.620126338115369e-14,4.6059062996343857e-14,-0.8080084701721513,0.2639069228859944,False,1.6709282210023107e-09,-4807.581821121005
ENSG00000131051,2.6978419498391304e-14,4.7259399191237913e-14,0.9220802299163264,0.2242782067104838,False,3.5196005969904492e-09,-4313.092131436672
ENSG00000132002,0.0,0.0,-1.2250003262361349,0.6198747894648121,False,3.7456926876943466e-08,-7339.158316936032
ENSG00000132294,6.533520990892328e-07,8.728784043832149e-07,2.839078463508613,0.0222577635612421,False,2.614207841330837e-10,-783.4969076898188
ENSG00000132382,8.043589627693137e-08,1.1162987267241721e-07,4.043051267834548,0.0288151406167777,False,4.918806077908567e-11,-959.991493786408
ENSG00000132475,0.0,0.0,1.4472936859672636,0.3235100981989543,False,8.591892748823147e-10,-5451.296232961929
ENSG00000132763,0.0,0.0,1.557925588343018,0.7168862594982457,False,3.43371057496772e-10,-8106.921648821247
ENSG00000133104,0.0,0.0,3.5322256440685584,0.011755182320287,False,1.4948566927750958e-10,-406.63648811419125
ENSG00000133112,0.0,0.0,-1.575352552818404,3.624574512985052,False,4.0800355875817337e-10,-16920.090672582344
ENSG00000133639,0.0,0.0,-2.2663957993696293,0.1736973412593102,False,5.047840680848441e-10,-3222.7171134437963
ENSG00000134108,0.0,0.0,2.3907657601011936,0.0829838752214326,False,5.483841687182228e-10,-2124.4584275208977
ENSG00000134333,6.421529974431905e-13,1.0582850385494685e-12,2.520206891435579,0.196981385700637,False,8.792693718855485e-11,-3916.764622866069
ENSG00000134352,0.0,0.0,3.4834354798991263,0.1402791826589191,False,4.154221247049175e-11,-2537.768147152631
ENSG00000134717,0.0001869198743549,0.0002256550772333,3.126760535960394,0.044279954240161,False,1.1536783827743288e-10,-1362.5728218052188
ENSG00000134910,0.0,0.0,2.576714199041122,0.0932061714210201,False,2.3144149511342092e-11,-2261.9915776209864
ENSG00000135018,0.0,0.0,2.097141118779236,0.0607338420680311,False,2.670406443506936e-10,-1686.925861305465
ENSG00000135899,0.0,0.0,-3.709697839545787,0.0598344667876114,False,3.0045693911335914e-10,-1348.8846635467132
ENSG00000136156,0.0,0.0,1.84770762262818,0.2340733049327923,False,8.893271251074702e-10,-4118.846853856827
ENSG00000136238,2.9222824049490725e-08,4.1241224926182694e-08,2.8760417906127427,0.106704660509227,False,2.922557298946226e-10,-2594.5263410302464
ENSG00000136870,0.0058043717690425,0.0065791634757699,3.062222014822823,0.0280887644942023,False,4.3493906944207466e-11,-941.2712809477092
ENSG00000137145,0.0,0.0,2.433613355400449,0.10853651859607,False,1.842216185713599e-11,-2607.946588843317
ENSG00000137331,1.1102230246251563e-16,2.0754542363328483e-16,3.694744573566332,0.1875800216481373,False,2.1918209417136535e-10,-3579.823807351256
ENSG00000137413,1.676237020298288e-06,2.2099861767616904e-06,4.222156966045445,0.03773845360043,False,1.629374658085949e-09,-1171.467291427781
ENSG00000138193,0.0,0.0,5.396465203485011,0.0837949837953811,False,4.663781255310775e-10,-2072.534821839856
ENSG00000138443,0.0,0.0,3.436915464264233,0.2169469177017146,False,4.3586234608671074e-10,-4038.83803935974
ENSG00000138496,2.71327404988142e-12,4.301741452501872e-12,2.278768908964843,0.078038689891537,False,3.177272767308032e-12,-2068.995594464935
ENSG00000138674,0.0,0.0,2.29385141302529,0.0979412636781335,False,6.51819061164899e-10,-2364.015251028341
ENSG00000138760,0.0,0.0,4.0430512678345485,0.0634212339638037,False,4.285026334616476e-11,-1715.2291214174093
ENSG00000139163,2.148059508044753e-12,3.4273178774854176e-12,1.674062561693321,0.1859990488278552,False,5.926876134206583e-11,-3815.593409274767
ENSG00000139644,0.0162282252172168,0.0179874797208532,1.8645188235104828,0.1611979526699614,False,1.3605135744771726e-09,-3498.247894618165
ENSG00000139793,0.0,0.0,2.8783345294572635,0.0408589201368015,False,4.2308770072473344e-10,-1194.142050294841
ENSG00000140526,4.401479181126433e-12,6.8695983481132176e-12,1.1334276395240046,0.316297454296486,False,2.7524409068457197e-11,-5411.790011603277
ENSG00000141232,0.0,0.0,3.001597393006388,0.3113678766191839,False,1.2430722674846853e-11,-5101.524727301283
ENSG00000142168,0.0225717122840309,0.0246370977217854,3.8889005880072895,0.0409551423958322,False,2.590601721966026e-10,-1284.3265914371148
ENSG00000142192,0.0,0.0,4.399726211773281,0.2740609445810858,False,1.3046723536371163e-08,-4039.419106416058
ENSG00000142396,1.75965286786095e-09,2.6082428603501067e-09,3.652170082420956,0.0941516974014662,False,1.4234242480628478e-06,-2221.63197914351
ENSG00000143344,0.0,0.0,5.834810737062602,0.0115953618552578,False,1.1845519323574266e-10,-425.1249065371319
ENSG00000143384,0.0,0.0,1.0744594221936763,0.4721141364383218,False,1.2523017822609432e-08,-6370.206762429672
ENSG00000143387,0.0,0.0,4.959341997225176,0.0406274282789684,False,4.2486609213537025e-11,-761.04157758655
ENSG00000143401,0.0,0.0,-1.662221738839553,0.0765827002564096,False,2.015873957432896e-09,-1919.391214550827
ENSG00000143878,0.0,0.0,1.6943498030962518,0.2863444910227942,False,8.577010016449191e-11,-4819.233442296586
ENSG00000143970,0.0,0.0,2.636137619511923,0.0588431294149007,False,1.3688243566079135e-09,-1581.1910150375284
ENSG00000144713,0.0,0.0,-1.5382278680485748,0.1319287446413527,False,5.711147011313594e-10,-2939.981108427933
ENSG00000145016,0.0,0.0,-2.4631828508412705,0.0388249458471298,False,2.9481454168235793e-10,-1094.5720265455643
ENSG00000145216,1.2687497685459626e-05,1.60922438997855e-05,-1.3645554647318974,0.0135725304236362,False,3.3474319184474823e-10,-517.9809355422194
ENSG00000145632,1.4781509349859334e-12,2.3735692898331816e-12,4.448516375942712,0.078723662266366,False,1.020573397379174e-09,-1981.8796354973272
ENSG00000145675,0.0,0.0,2.6159349121944038,0.0973900443122464,False,2.9797071910715636e-11,-2081.1173998084278
ENSG00000145685,0.0002275466492331,0.0002733833843305,5.1416635565026585,0.017061547850007,False,3.0273673909218628e-12,-621.4885055052455
ENSG00000146830,5.7412630205533326e-11,8.796247013141345e-11,3.521167485618076,0.0671483906032871,False,6.709877854476373e-11,-1838.628442342355
ENSG00000147099,0.0003799442194691,0.0004500048556833,5.740536458810442,0.0069486825562706,False,0.0063097355560051,-247.5319977017266
ENSG00000147140,0.0,0.0,1.3461743673304647,0.2467330977356419,False,3.029945684386624e-09,-4474.454717073898
ENSG00000147687,0.0,0.0,-0.6699228593493193,0.9637110682220998,False,1.1183152120455509e-08,-9897.419750527006
ENSG00000147996,0.0446300945007875,0.0479821402250956,1.9512348893516969,0.0352825340109228,False,0.0229258173876528,-829.1663630956132
ENSG00000148143,2.900568674135684e-12,4.584179513381634e-12,3.637586159726384,0.0600291884398875,False,2.1881440992847363e-10,-1680.3138563538234
ENSG00000148180,0.0,0.0,4.673768509604717,0.3218712878883814,False,6.765467736307393e-10,-3593.472070856158
ENSG00000148331,0.0,0.0,3.262198505035508,0.1183421536515462,False,3.551691786108047e-12,-2749.6715363478315
ENSG00000149131,0.0,0.0,5.878675615226583,0.1734993997089913,False,3.366567717202169e-10,-1458.7813438249768
ENSG00000149218,3.7039502843949634e-05,4.593265080400685e-05,4.043051267834547,0.0201252832200453,False,2.143459912495378e-12,-718.7899475134552
ENSG00000149761,0.0,0.0,1.335001066732339,0.2467885000910994,False,1.242487656215602e-09,-4574.083895705999
ENSG00000150054,7.1118555748928e-06,9.18309186345694e-06,4.0430512678345485,0.0310542449686791,False,5.557633372312831e-10,-993.4486296576722
ENSG00000150593,0.0,0.0,-1.3908594073373,0.2399185693345037,False,1.5970635770307859e-09,-4427.5715282068695
ENSG00000150991,0.0,0.0,0.6861228315933047,0.7709887055944545,False,1.9881037773600603e-08,-8829.426107549636
ENSG00000151470,4.0281760926852435e-08,5.605878395653629e-08,2.4336133554004493,0.0936164702159094,False,1.061434697886339e-09,-2370.189271953407
ENSG00000152332,0.0,0.0,2.028148247292285,0.0450486472077835,False,3.9074556231231903e-10,-1322.0136971326365
ENSG00000152348,0.0,0.0,-2.5187997791034222,20.542748099767685,False,1.5907880301907752e-08,-30191.392291946784
ENSG00000152778,5.980771433655718e-13,9.888998311094109e-13,3.8889005880072895,0.0099960015993602,False,4.526499496490233e-12,-385.0734609629269
ENSG00000153187,0.0,0.0,-0.6501935415300578,1.169646368682877,False,2.6372492706983526e-09,-11119.60881856554
ENSG00000153234,0.0,0.0,-1.893604981105346,0.172299872839052,False,2.0018634295115504e-09,-2840.907728375942
ENSG00000153914,1.7529311335806597e-12,2.805809897520481e-12,2.097141118779236,0.0667288639887672,False,6.841102205312223e-10,-1828.2213724009007
ENSG00000155660,0.0,0.0,2.576714199041122,0.1341029816939801,False,3.07654542732589e-10,-2609.4519035556045
ENSG00000156976,0.0,0.0,1.477735676336256,0.1314603703571417,False,2.191127888903961e-09,-2981.272682075803
ENSG00000157601,0.0,0.0,4.076952819510229,0.1133496147141905,False,2.076961620711519e-09,-2651.126251407368
ENSG00000157734,0.0,0.0,1.3635484701471867,1.6854912197130705,False,3.0640920991961953e-09,-12965.585912383896
ENSG00000157933,3.9697017117923394e-08,5.539890132612709e-08,4.225372824628504,0.010795681727309,False,3.9822048027988894e-11,-425.4722606246707
ENSG00000158710,0.0,0.0,-0.9208118314875018,0.4663709763720022,False,1.723777849713099e-09,-6278.1904828910965
ENSG00000158941,8.152367669822524e-13,1.339126623797077e-12,3.532225644068557,0.0706627371310234,False,2.384614637153841e-10,-1903.376684604004
ENSG00000159023,0.0,0.0,-2.4505957404918632,0.0711140848417443,False,2.1923190676714315e-09,-1818.026896055016
ENSG00000159388,0.0,0.0,1.4159701292660067,0.1974930605514358,False,1.431565136313226e-09,-3606.9480936696127
ENSG00000160789,0.0,0.0,4.448516375942712,0.140917963427646,False,6.395985723142247e-10,-3028.455367975428
ENSG00000161016,0.0,0.0,-1.133417299280801,0.7262027690230044,False,2.457653918532362e-10,-8583.120755728316
ENSG00000161960,8.215650382226158e-15,1.4700145862483232e-14,1.7063140196962696,0.0724689330889291,False,8.189653930206694e-11,-1933.880755159029
ENSG00000162194,0.0,0.0,1.5283786877005692,0.9395214743664216,False,2.9640773003994867e-10,-9267.229702251245
ENSG00000162783,0.019091837973763,0.0209759009317001,3.349904087274603,0.0259896041583366,False,7.144177673836181e-10,-887.229441577475
ENSG00000162924,0.0,0.0,-2.59670429011708,0.1379619257665617,False,3.9823174362210986e-11,-2770.5701698749835
ENSG00000163378,0.0,0.0,4.0430512678345485,0.0265468879729831,False,8.726167481636716e-10,-855.1529420131272
ENSG00000163565,0.0,0.0,-4.499297843462806,0.0363213937949549,False,8.847367618564989e-12,-905.2334731915544
ENSG00000163586,0.0,0.0,4.043051267834548,0.1610836283809365,False,9.996663573265231e-10,-3336.722619286302
ENSG00000163636,6.07957417742e-09,8.803082840715085e-09,2.5389738710582748,0.1245863055761922,False,9.4732998318124e-10,-2904.433906354969
ENSG00000163660,2.0632813757526241e-07,2.816632068806715e-07,1.8274775518301327,0.1843833008377167,False,7.00596170584901e-10,-3797.990795019905
ENSG00000163848,4.176561116953082e-07,5.609804610170225e-07,2.78978474596253,0.0382764916139635,False,9.201409497852897e-12,-1190.9073634207632
ENSG00000163902,0.0,0.0,1.8094590463274551,0.1758239531412166,False,2.0241401593117074e-09,-3495.076542542937
ENSG00000164022,1.5697059208008566e-09,2.333598416383469e-09,1.5040773967762735,0.1063616088068073,False,3.956464963065784e-10,-2600.5316223734435
ENSG00000164051,5.530940150322293e-10,8.346388600335752e-10,-2.025540080286059,0.0968323736771192,False,2.7057879438223357e-10,-2421.411882099564
ENSG00000164162,0.0,0.0,2.105116685153767,0.0627406361563359,False,1.862864416943541e-10,-1718.353107888919
ENSG00000164442,0.0,0.0,2.145931282948668,0.1440954889660753,False,5.677990833350296e-10,-2865.41410634492
ENSG00000164754,0.0,0.0,-1.3799214850017665,0.1566031183856305,False,4.737217604678725e-09,-3203.013975783761
ENSG00000164924,1.1102230246251563e-15,2.0300063333474578e-15,1.964361254869448,0.2951056541527201,False,4.736469099984567e-10,-5149.597092606526
ENSG00000164933,0.0,0.0,-1.6575343190602356,0.0567423123531177,False,0.0245957386840541,-108.49833170616532
ENSG00000165637,0.0002104841582624,0.0002534917386766,1.3827917297350567,0.2273125473847313,False,4.993687976542105e-09,-4297.495948955639
ENSG00000165672,0.000627301552028,0.0007308792501536,2.944438979166439,0.0236679282757849,False,1.7271817860196187e-11,-827.704925687614
ENSG00000166225,2.64762743381608e-05,3.3161533608546404e-05,5.834810737062601,0.0097294415567106,False,5.370011895777157e-11,-397.40747170231714
ENSG00000166337,0.0,0.0,1.4928538144933978,0.3973070433318384,False,2.1863640601141536e-09,-6094.325263109369
ENSG00000166598,0.0,0.0,1.571737514215314,0.8183610159466839,False,3.991173710544062e-09,-7465.242363786887
ENSG00000166710,0.0,0.0,-0.8061373150689839,0.7792559440423851,False,2.3833208113709283e-09,-8824.845630004857
ENSG00000166889,1.4553167859698848e-07,2.003059642227781e-07,2.46751490707613,0.0583766493402638,False,1.0499490648566556e-10,-1664.5912678136772
ENSG00000166938,0.0025569389731475,0.002918055639059,3.637586159726384,0.0167268155718364,False,3.9499491834771303e-10,-624.1318340887506
ENSG00000166974,0.0,0.0,2.743768283704288,0.0249233587128503,False,1.4781183588377118e-10,-800.7951621861075
ENSG00000167005,3.7228991567328507e-07,5.027419076881828e-07,3.3441317526817875,0.0144788943716192,False,2.171625235678812e-07,-545.9470069231671
ENSG00000167476,0.0,0.0,-0.8489025644908063,5.023526477528527,False,2.4276608460018387e-10,-19897.429040575866
ENSG00000167552,0.0,0.0,2.423230960718237,0.0308746518280471,False,2.760419595880008e-12,-970.360348461608
ENSG00000167553,0.0,0.0,-1.7560332288096792,0.1403076120044161,False,5.326802261785266e-09,-2767.407878821952
ENSG00000167658,0.0,0.0,-0.8339455081454406,2.195998471084792,False,3.761148506696776e-09,-14426.736415648113
ENSG00000167671,6.891712675205497e-06,8.921829587281535e-06,3.269861379601067,0.0383313341361911,False,1.2996179158663472e-10,-1191.023829531251
ENSG00000167840,9.598349892669944e-10,1.4397524839004914e-09,3.0015973930063877,0.0227242436358789,False,0.0248874969747651,0.0
ENSG00000167995,0.0,0.0,1.5132427907339372,20.21560927667642,False,2.49805041079141e-09,-28329.2723214944
ENSG00000167996,0.0,0.0,0.9154220158085724,0.5739319875278299,False,5.6910662788656494e-09,-7648.078703884483
ENSG00000168216,0.0049429208404465,0.005615427077242,2.9951164425903167,0.0252665749701504,False,1.2439985737072035e-10,-876.9098682636015
ENSG00000168298,0.0,0.0,-2.3194245729629444,0.3993431340848924,False,2.1190678374847586e-08,-5112.637469871161
ENSG00000168374,6.661338147750939e-16,1.2224653523894579e-15,2.615934912194403,0.2001700304869642,False,2.804103476035103e-10,-4014.429522294444
ENSG00000168385,2.2619242256993743e-08,3.2011978448457255e-08,2.6156512724617977,0.1011459607483009,False,5.7014692520963183e-11,-2504.8902255326075
ENSG00000168439,0.0074380909005373,0.0083859721236468,2.073610621369041,0.0911030518798415,False,3.818010994290452e-11,-2301.3567063316264
ENSG00000168575,0.0003184674571649,0.0003789838385739,3.23212105161822,0.07985030978076,False,6.361465228547865e-10,-2114.947516767083
ENSG00000169375,0.0096219700298645,0.0107843556710562,2.576714199041122,0.0572934287771389,False,3.1642398514636976e-10,-1658.300816542305
ENSG00000169446,0.0,0.0,2.5026062268874005,0.0615087298413967,False,1.43414594911355e-11,-1701.6390481002811
ENSG00000169504,0.0,0.0,-3.605242132277046,0.0976695637421601,False,3.579224591649372e-11,-1823.8516111032625
ENSG00000169902,0.0,0.0,4.736198448394495,0.0141943222710915,False,1.6387518156776375e-10,-420.6266525008412
ENSG00000170242,6.339373470609645e-14,1.0951814168191144e-13,3.81514011937898,0.0366373272950563,False,1.2904962399541639e-11,-1133.5536967869905
ENSG00000170248,0.0,0.0,2.699316521133454,0.1519762211786212,False,1.001246758883658e-09,-3303.3365575541875
ENSG00000170345,0.0,0.0,1.032234865614077,0.6437875756887885,False,7.234922788972179e-09,-7869.650996832575
ENSG00000170776,0.0,0.0,1.311035791228278,0.1651233219605286,False,1.1844238617046806e-09,-3511.711773251081
ENSG00000170919,0.0,0.0,3.071098478755812,0.6553619319835449,False,6.617290930745977e-10,-7904.267499361823
ENSG00000171310,0.0,0.0,-4.593689327750059,0.0251899240303878,False,2.0007452939689532e-11,-697.161847919441
ENSG00000171316,1.4895497546518754e-06,1.974244516086216e-06,-2.5357699575646624,0.0488964026605413,False,1.0726936706443658e-09,-1449.801012981224
ENSG00000171863,0.0,0.0,-1.0439438512498187,0.0942950783647208,False,1.9513329016744387e-10,-2356.2946250321784
ENSG00000171867,0.0,0.0,2.46751490707613,0.0662401705984273,False,1.6670964125561828e-10,-1529.2073146244345
ENSG00000172071,0.0,0.0,-1.795650524721022,0.1080469072169688,False,4.170552883871037e-11,-2257.894350007416
ENSG00000172404,0.0184192870762508,0.0203261295709287,3.3499040872746035,0.0452477967486482,False,5.2714021578672524e-11,-1388.937974029902
ENSG00000172465,0.0005954255821106,0.000695357148339,4.736198448394494,0.0101292816365732,False,5.288333049069956e-12,-414.87069058448384
ENSG00000172466,1.9229062786507714e-13,3.24369038923918e-13,2.145931282948668,0.0612897077242914,False,3.366657407396495e-10,-1710.891073604599
ENSG00000172757,0.011895170455405,0.013302411603031,1.235756344053214,0.248243902897179,False,9.843495004325159e-11,-4606.286155885556
ENSG00000172803,0.0,0.0,-1.272307082430326,1.8930135038696845,False,7.264758559357411e-09,-13253.83559359624
ENSG00000172890,0.0177941125743086,0.0196795814563545,3.398693118677029,0.0341683076116177,False,8.543578896388007e-11,-1117.946608964498
ENSG00000173273,1.013793347448555e-05,1.2956899670197091e-05,3.125668563346254,0.0194046004415531,False,1.0026407616729111e-10,-700.4635066013666
ENSG00000173486,0.0,0.0,3.383805626618289,0.046398859019758,False,4.7553207106789694e-09,-1244.9186416529049
ENSG00000173812,0.0,0.0,-0.8877552266206461,0.4999586569024174,False,1.003447852675055e-09,-6878.41555780056
ENSG00000174428,8.431486888427209e-05,0.0001035336992917,3.0164125174900667,0.0099049082664393,False,0.0003050522535302,-398.0968167952022
ENSG00000174780,0.0,0.0,1.600704232465345,0.1084769823091055,False,5.284079542708084e-10,-2471.3045539993464
ENSG00000175029,0.0,0.0,3.001597393006388,0.1304681737521569,False,1.9716980793064682e-10,-2965.485031731525
ENSG00000175220,1.1102230246251563e-16,2.0754542363328483e-16,3.88890058800729,0.0273202871694003,False,7.665036759686423e-11,-907.7649594093696
ENSG00000176124,1.0361902125666234e-05,1.3209447747986726e-05,4.419168889808835,0.024549527454232,False,1.6527740654575083e-10,-844.8206764911331
ENSG00000176472,0.0,0.0,3.0778088616725143,1.0873369248144504,False,1.0272237701068928e-08,-9420.797864244263
ENSG00000177311,0.0,0.0,2.073610621369041,0.1868170496182101,False,2.1458490785288423e-10,-3527.9809690596594
ENSG00000177606,0.0,0.0,1.0711428712429112,1.5869455168195743,False,7.983638205867255e-08,-11827.999675167684
ENSG00000177733,0.0,0.0,1.6301181176716384,0.1093526223643881,False,1.9312945761359088e-11,-2554.274286019156
ENSG00000177788,2.931621283253083e-05,3.662698909999487e-05,-2.6429483851082263,0.1071907333512314,False,2.05328629454414e-09,-2589.004512937706
ENSG00000178149,2.220446049250313e-16,4.0898657010088485e-16,0.8637551438242719,0.4451011742348394,False,5.4901030632986056e-11,-6647.7616476712565
ENSG00000179630,3.1430877456273265e-08,4.423277979099131e-08,2.5026062268874005,0.0670004757651226,False,1.0457278770088656e-11,-1847.605104779574
ENSG00000179981,0.036765980498696,0.0396123789889176,5.834810737062603,0.0115953618552578,False,3.1661948813230067e-11,-462.5319984203326
ENSG00000180879,0.0,0.0,1.4159701292660067,0.2640690132888689,False,1.0420047651675956e-10,-4747.262233366404
ENSG00000181722,0.0,0.0,0.974053271093266,0.1635002291341914,False,1.2329301608796002e-09,-3313.630322986309
ENSG00000181789,1.3385514918695662e-11,2.0697972142797924e-11,3.0622220148228227,0.0509861448421472,False,2.7678245529359936e-10,-1495.9104050899357
ENSG00000182141,2.220446049250313e-16,4.0898657010088485e-16,3.269861379601068,0.0156604025056644,False,2.2356219005643197e-11,-564.7632025340962
ENSG00000183735,0.0002761495662335,0.000330983092543,3.637586159726384,0.0192362180913859,False,2.6591234471485156e-11,-701.4086234369661
ENSG00000184110,3.4858497199863336e-08,4.8919067498967887e-08,1.5540352161724182,0.0946607393929199,False,1.0588700944220387e-10,-2394.1615621622336
ENSG00000184451,0.0,0.0,3.637586159726383,0.030963986361327,False,1.1105275934002557e-10,-847.5687744902149
ENSG00000185010,0.0,0.0,3.637586159726384,0.0263185220274403,False,2.6585819690885135e-11,-863.4599495711763
ENSG00000185164,9.620732899007224e-06,1.2327332947321276e-05,4.222394432029157,0.0140120485862318,False,0.0166090618708346,0.0
ENSG00000185650,0.0,0.0,-1.6660925665048645,0.4332299321209911,False,2.737568796483007e-09,-5609.557266196748
ENSG00000188313,2.220446049250313e-16,4.0898657010088485e-16,3.8889005880072895,0.038127923528544,False,1.2565671840089426e-09,-1166.9209345290308
ENSG00000189143,0.0,0.0,5.141663556502656,0.5757303038293251,False,1.6740462812324347e-10,-6808.097633962461
ENSG00000196268,1.4004353232621725e-12,2.256006742618484e-12,2.204063160155925,0.0263501050879931,False,2.4181641104572057e-10,-887.6009167296573
ENSG00000196782,1.5711524224970574e-06,2.0769059727467697e-06,5.834810737062601,0.0263335689550778,False,1.1289349593706387e-10,-870.668774733715
ENSG00000197020,0.0011818410256532,0.0013611548364419,3.532225644068558,0.0150405323761201,False,2.691207475541257e-10,-569.3890555847374
ENSG00000197381,4.510503082144624e-12,7.017894547063529e-12,5.834810737062602,0.0054644808743169,False,0.0047357286875887,-182.18582190959185
ENSG00000197451,9.608169635189068e-05,0.0001176942050667,2.3742967732509705,0.0894797594407773,False,3.796013803540815e-09,-2272.3422462925264
ENSG00000197461,0.0,0.0,1.853144023982692,0.1865044582604629,False,2.148393593092526e-11,-3768.41405898919
ENSG00000197557,0.0484481080019892,0.0519753792483867,3.637586159726384,0.0146269740703883,False,0.0179788978752009,-441.81909861340927
ENSG00000197603,2.32922812826164e-06,3.054825372405973e-06,3.637586159726384,0.0250609093264398,False,7.609568091593134e-11,-860.2132355099953
ENSG00000197746,0.0,0.0,2.56619282007274,0.3324284529258581,False,8.546747757524247e-09,-4531.173345129176
ENSG00000197774,0.0,0.0,0.6531908107231611,2.718830788594698,False,2.520500123940505e-10,-15724.111068761098
ENSG00000198695,0.0,0.0,1.9177732015323263,13.539224780807016,False,1.3890378782761195e-09,-25078.40994426664
ENSG00000198712,0.0,0.0,1.261810940530642,11.671376840132137,False,6.349865096895486e-09,-25264.111934984496
ENSG00000198727,0.0,0.0,1.2584850139169916,15.21944322894132,False,7.16222977919888e-08,-27159.88650748353
ENSG00000198763,0.0,0.0,1.4107990713244083,4.290730039913202,False,2.3648805690072825e-08,-18313.493653052057
ENSG00000198786,0.0,0.0,0.9095627353591774,9.15838851366308,False,4.530613576321864e-10,-23784.66126699458
ENSG00000198804,0.0,0.0,1.2275457023990708,62.73782884678999,False,2.4744080794731762e-08,-37554.18442924343
ENSG00000198843,2.3869795029440862e-14,4.210833559771082e-14,2.762117421268695,0.0386689664855823,False,2.3127325526043855e-11,-1203.5732252525152
ENSG00000198862,0.0224672211440555,0.0246303671623015,3.521899105179345,0.0208055178483263,False,3.934021118381988e-10,-738.7434014373338
ENSG00000198886,0.0,0.0,1.1587652489308755,10.200318813143246,False,3.7171410219167047e-10,-24373.599108864768
ENSG00000198899,0.0,0.0,1.0359671522544125,6.272550730807025,False,2.8845299721721544e-08,-21256.046896074145
ENSG00000198938,0.0,0.0,1.4187703060058772,5.98353145171146,False,2.6250727663894882e-08,-20797.35949651686
ENSG00000203876,6.135855819877634e-05,7.571585629947523e-05,2.613081844570507,0.0517833317571281,False,4.409859124373235e-10,-1523.8021243363355
ENSG00000203879,0.0,0.0,2.3870933386818347,0.052065179230578,False,6.032062311513865e-11,-1459.0249172202389
ENSG00000204217,0.0,0.0,2.223567234197694,0.0761937776107033,False,6.950107498233794e-11,-1819.670736050805
ENSG00000204310,0.0259261151371177,0.0280539604399481,4.736198448394493,0.0158336665429195,False,1.0241124753436042e-10,-606.3388816542612
ENSG00000204388,0.0,0.0,-2.480837674687388,0.9305456923863324,False,9.7818691752214e-09,-7772.245425915329
ENSG00000204389,0.0,0.0,-1.4844991902541025,0.7852287181353564,False,7.123415611266e-08,-7792.599329197578
ENSG00000204524,1.948937710105625e-07,2.667808176947864e-07,3.001423621998212,0.0242234079198775,False,2.9020669525528255e-10,-839.0695142661001
ENSG00000204592,0.0,0.0,-1.9591243000000915,0.1932057998463755,False,6.07325037573363e-10,-3518.117699632196
ENSG00000205609,3.1391929000701424e-06,4.095665736810264e-06,1.928173213025628,0.0668495829437709,False,6.155233844518546e-08,-1803.6575893134973
ENSG00000205771,0.0,0.0,1.2902420072968044,2.423780015473767,False,1.8725021734137257e-08,-15294.286658693123
ENSG00000210082,0.0,0.0,0.5050278309799422,93.4042019999442,False,6.575029717553393e-08,-41364.73089045203
ENSG00000211459,0.0,0.0,-0.6488386841924659,17.482706038801414,False,3.0219538766169624e-08,-29032.595444818395
ENSG00000212907,0.0,0.0,0.9316306236161238,1.3489429471334342,False,3.8641313570058865e-10,-11717.16511275093
ENSG00000213614,0.0,0.0,3.16398329626034,0.0643081959791548,False,3.3511493798973773e-10,-1693.0293148411197
ENSG00000215302,9.162906655646452e-09,1.3191425961146184e-08,-1.8116184219726903,0.0827047748774921,False,2.0165003989184468e-08,-2046.964825422869
ENSG00000215375,0.0,0.0,1.9661959927221813,0.7246755961615229,False,5.6312737603018865e-09,-8358.67694493882
ENSG00000216937,3.3151259515307174e-13,5.499596363300958e-13,2.084480157331058,0.1541241416227264,False,3.647185382535108e-10,-3356.41542546922
ENSG00000218537,0.0,0.0,0.646637051626928,12.496027894025165,False,2.5337360367491457e-08,-26390.64586135542
ENSG00000221869,0.0,0.0,5.834810737062603,0.0803745614517915,False,4.458838057787423e-10,-1618.145899896715
ENSG00000223509,9.311798554456631e-09,1.3367366979320262e-08,-1.8448515563401244,0.0823365017981743,False,0.0913718616665663,-1053.878209181442
ENSG00000223653,0.0,0.0,2.0026021603784603,0.2056636916872947,False,1.1485265086120486e-09,-4025.884481096885
ENSG00000224281,0.0,0.0,-1.155748224802659,6.2571658975248985,False,1.7378707662692947e-08,-20737.045552942
ENSG00000224505,0.0,0.0,4.130062644824178,0.1585445891979867,False,1.6071397617908724e-09,-3313.535926951416
ENSG00000224660,0.0,0.0,-2.6869522158285366,0.1472939631469596,False,2.0712682857048737e-11,-2301.043615315322
ENSG00000224699,0.0,0.0,3.238828509006577,0.0807095901041629,False,1.4133689759386368e-10,-2074.7719334030603
ENSG00000224891,2.7966517990307693e-13,4.670408504381385e-13,1.586315495013246,0.1126216180194588,False,1.7076536508059998e-11,-2698.1172662270114
ENSG00000224985,3.0216114043746245e-05,3.756395319086072e-05,0.9913690859291114,0.3863790113159645,False,1.1207807314046332e-09,-6131.899213556222
ENSG00000225339,0.0,0.0,-0.8312369686132122,7.200688529735565,False,3.0763126896159365e-08,-22716.315148077934
ENSG00000225420,8.826273045769994e-14,1.5143708205242357e-13,3.2698613796010663,0.033186725309876,False,8.162061376411557e-11,-1063.6229323139826
ENSG00000225630,1.1102230246251563e-16,2.0754542363328483e-16,3.016454772295029,0.1348787083483038,False,3.730014925458999e-09,-3012.676873150935
ENSG00000225864,0.0,0.0,-1.4625183385776506,0.5842740866409593,False,2.0025506461509168e-11,-7637.534959021679
ENSG00000226648,0.0009707003126877,0.0011205549692547,3.1250835714223064,0.0727209181829047,False,5.682767811353739e-10,-1975.6258629311644
ENSG00000226763,0.0,0.0,1.0226263816901875,0.4499084674309496,False,1.583491061060479e-09,-6681.965495360766
ENSG00000227262,0.0,0.0,-1.2536295665202806,1.1577429833085755,False,4.2877094814319176e-08,-10450.979804524057
ENSG00000227766,0.0,0.0,-1.3274305176603696,7.904528682261773,False,3.7487648526559256e-10,-23140.39025919273
ENSG00000228172,7.140082487033794e-06,9.195838884328872e-06,4.0430512678345485,0.0396254832595566,False,1.6078577679901474e-10,-1234.9999368008662
ENSG00000228253,0.0,0.0,0.9624671170790808,0.7998544910102665,False,4.747897651256996e-10,-9025.083448496192
ENSG00000228275,0.0,0.0,1.6759276537029326,0.1011385126748149,False,7.812898537364156e-11,-2346.242341081878
ENSG00000228318,0.001268344661209,0.0014574327414351,5.834810737062602,0.0157270425163268,False,1.339612495616043e-11,-586.9953031356428
ENSG00000228794,1.3604128642707993e-05,1.71679306045257e-05,4.44471078363409,0.0160222865302747,False,0.0155061888727278,-255.27181436436197
ENSG00000229111,3.664665615410456e-08,5.128484562348152e-08,3.532225644068557,0.0550302788565576,False,2.5967263389396336e-10,-1593.5450070304298
ENSG00000229124,0.0,0.0,-3.937958706301037,8.808359882815049,False,9.112640392639729e-09,-12134.4624027246
ENSG00000229273,2.5258860155696894e-06,3.304096328460612e-06,2.2019703104053283,0.0657672760644452,False,7.634849566558937e-10,-1826.7499641476973
ENSG00000229766,0.0,0.0,0.7288652631620245,0.3538735194411513,False,1.89477830201349e-09,-5664.895693780867
ENSG00000229893,2.969624546267369e-12,4.678559426666515e-12,1.4280914897983512,0.2128533395619197,False,2.0798355534179983e-09,-4180.08755011395
ENSG00000230590,0.0,0.0,1.4479114342371164,0.4003076647186989,False,1.0364649323205446e-09,-6113.979130703672
ENSG00000232998,0.0,0.0,2.097141118779236,0.2815331241956761,False,1.8527713321827222e-09,-4902.434149861786
ENSG00000233098,0.0009127484857466,0.001056090049328,3.7531258387473625,0.0218789346771088,False,5.969614076288049e-13,-780.6103905833122
ENSG00000233139,0.0,0.0,-1.6314311614335446,1.8529748203396483,False,1.2560661497825616e-07,-12409.630758558706
ENSG00000233825,2.853273173286652e-14,4.9808009052843656e-14,-0.6668542384174491,0.5338326037073078,False,2.790861853878837e-09,-7374.375665742831
ENSG00000234042,0.0,0.0,2.115159624281915,0.0880647616305264,False,2.0507511025042328e-10,-2247.93924891192
ENSG00000234961,0.0,0.0,2.819288117132796,0.2011029315534217,False,1.1804985555157646e-09,-2539.939844285081
ENSG00000235027,0.0,0.0,2.60833455605897,1.4245394210044533,False,2.2984030297610372e-08,-11505.868126809037
ENSG00000235078,0.0,0.0,1.4661491298709473,0.4475014429704779,False,1.6439239457656247e-09,-6555.530086045161
ENSG00000235437,1.2949944605544772e-05,1.638364203883316e-05,2.8320493697657354,0.0821859912782228,False,3.1162311523670754e-11,-2113.643363655798
ENSG00000235865,0.0,0.0,3.888900588007291,0.0487157831666835,False,4.388545584045679e-10,-1364.773704278272
ENSG00000236358,2.964899794666298e-05,3.695061684397551e-05,2.891757289280546,0.0354610725871868,False,2.8351992275145757e-10,-1142.5219582722875
ENSG00000236432,0.0001624823570431,0.0001966272001899,1.2534406431950478,0.3842221150945812,False,5.1011726918629004e-11,-6118.127586946
ENSG00000236830,0.0,0.0,2.428147366130532,0.2095212468042807,False,6.009837607323481e-11,-4035.284240661103
ENSG00000238057,0.0,0.0,-6.4144363338513655,0.0613088098094095,False,3.7018059298448187e-10,-1069.148222797216
ENSG00000243004,0.0,0.0,-0.9046187561165396,2.556124685195392,False,1.7523169249440968e-08,-15474.11294859608
ENSG00000245112,0.0,0.0,-0.5354035640324017,0.4284681647074599,False,1.8395999031538102e-11,-6501.829643665289
ENSG00000245904,0.0,0.0,-2.1287672026434987,4.621440337090794,False,2.0611275993408433e-08,-17884.077026140654
ENSG00000245970,0.0,0.0,-3.4262581891149373,14.343017914994167,False,3.265896684899869e-08,-27396.683572510483
ENSG00000247373,0.0,0.0,1.4556458031135564,1.2827052936100902,False,3.761432605620253e-10,-11524.651663816916
ENSG00000247934,0.0,0.0,1.1806713471747654,0.1682304452534248,False,2.0997097102466471e-10,-3519.765581772007
ENSG00000248223,0.0,0.0,1.3528637159019696,6.128630303422131,False,9.898892760685616e-09,-20744.968682501963
ENSG00000248468,0.0,0.0,1.2967474234514516,0.5005430603454737,False,6.873476874728571e-10,-7091.693696700677
ENSG00000248527,0.0,0.0,1.1254102827615422,1.3977944124631527,False,1.4096383387387882e-10,-11873.081200100523
ENSG00000249592,1.9884094371036559e-13,3.3429299596944013e-13,4.448516375942712,0.057284952020321,False,2.016207005368344e-10,-1618.808805865198
ENSG00000250722,0.0,0.0,3.4199488304820886,0.477454127068591,False,1.3401461782213356e-09,-5143.661443700626
ENSG00000251562,0.0,0.0,-0.7006217507010957,11.902932828563095,False,6.055635661923848e-10,-26193.693251135417
ENSG00000253102,0.0,0.0,1.0556872439510754,0.7013907632767542,False,4.571200221922677e-12,-8508.590092832703
ENSG00000253744,1.420052964107299e-11,2.1890662615930975e-11,1.5040773967762733,0.1404771424763428,False,3.8299009113135356e-10,-3163.0226241623573
ENSG00000254693,0.0,0.0,-3.39371307677813,0.043034703278246,False,5.32858051691956e-10,-1123.9798621285504
ENSG00000254873,0.0,0.0,-1.3199498205000584,1.5858360113985424,False,9.338755045362495e-10,-12694.738385885514
ENSG00000255470,1.4814429805110052e-07,2.0334326937972973e-07,3.349904087274604,0.0330147559458011,False,1.1128647853209859e-10,-1077.8613781503925
ENSG00000256034,0.0,0.0,2.0409279738428565,0.5268786596398695,False,3.1166772202854646e-09,-7292.404572694628
ENSG00000256537,3.2016611584140264e-12,5.0283142331204616e-12,2.154299532619185,0.2233268541347086,False,1.22603705402222e-09,-4328.869686067775
ENSG00000256751,0.0,0.0,4.0430512678345485,0.3764891089971075,False,1.982633792091463e-09,-5474.131930292393
ENSG00000257267,0.0248889316970322,0.0269899454117167,4.0430512678345485,0.0202585632413701,False,1.1817334890972302e-11,-726.3289512780625
ENSG00000257303,0.0,0.0,1.6655363041608338,1.236711236519542,False,2.3388817126730892e-09,-11317.442778125798
ENSG00000257553,0.0,0.0,-0.746830458939603,0.7630825064302794,False,1.7298516658368192e-09,-8946.630265285
ENSG00000257557,0.0,0.0,-1.322277147507255,0.170939996355965,False,8.647098111617595e-10,-3509.233152873498
ENSG00000259407,5.163095717630739e-07,6.916339450622996e-07,3.4369154642642328,0.0579768092762894,False,1.6492022854406834e-10,-1661.804225685415
ENSG00000259498,0.0,0.0,5.1416635565026585,1.5138725194552256,False,1.4866818266627206e-08,-10866.156821428136
ENSG00000259642,0.0,0.0,-1.8567329471998029,0.1244370612780936,False,4.3170276236747405e-10,-2848.7592725593872
ENSG00000259884,0.0,0.0,2.1011224191575266,1.1045702180273926,False,2.070134034163528e-09,-9515.414042717046
ENSG00000259976,0.0,0.0,2.251291798606495,0.0475165882127616,False,0.0001905378488824,-1243.3227951617769
ENSG00000260246,0.0,0.0,3.819907716520339,0.1835106772159745,False,2.642529629252046e-09,-3615.16808148988
ENSG00000260367,0.0,0.0,1.757075988920497,0.1552061364918601,False,7.752403856499431e-10,-3363.034775712168
ENSG00000265401,0.0,0.0,-0.8849504579666446,4.006939503071698,False,1.6299868828205512e-10,-18481.5441723562
ENSG00000267232,2.949896188431112e-07,4.016027147836921e-07,3.269861379601067,0.0376569419706025,False,1.72219595635549e-10,-1187.0497807174827
ENSG00000267383,0.0,0.0,-1.796344856202027,1.2920055503574788,False,1.7257084201743532e-08,-11093.297285728882
ENSG00000267598,0.0,0.0,1.7085741143490225,4.474170861535115,False,5.349830572238123e-09,-18551.4455340949
ENSG00000269386,2.439537460929841e-10,3.7149187474949854e-10,-2.018794075103909,0.105865214731508,False,8.998071428981466e-10,-2575.906289018686
ENSG00000269821,0.0,0.0,-1.1217744887353152,3.0155784098420795,False,1.0151001463664948e-08,-16640.08761664742
ENSG00000270117,0.0,0.0,1.8835670184811768,0.4924524500141871,False,1.8006462357149832e-11,-6813.278662145607
ENSG00000270362,0.0,0.0,2.031168343071914,0.2309179878442999,False,2.2281009074652823e-09,-4321.201015201337
ENSG00000270761,0.0,0.0,1.3022112439093487,0.2990384404736805,False,1.999640880045047e-09,-5147.131816594116
ENSG00000271581,0.0,0.0,-1.926520431387316,10.840995122660209,False,7.126409622168488e-09,-24412.81682898366
ENSG00000271933,0.0,0.0,-1.837016060816177,0.0845510980557969,False,1.839645968739633e-12,-2181.406672793006
ENSG00000272173,0.0,0.0,0.9616396034330954,2.9629659757095546,False,2.0215729382816203e-09,-16647.62643551206
ENSG00000272234,3.248253332976958e-09,4.7723604686846224e-09,5.834810737062602,0.0205278999564267,False,1.510300000765665e-10,-709.5797608192162
ENSG00000272256,0.0,0.0,-0.9895675204906568,2.685666330260991,False,1.3508121559403188e-08,-14688.049317725743
ENSG00000272273,0.0,0.0,4.5674290706916825,0.7780791191312451,False,4.783318706145013e-10,-7636.179401466121
ENSG00000272447,4.085620730620576e-14,7.107277729308711e-14,-0.9460215072870404,0.2847013545722687,False,1.4612779285027284e-10,-5044.8022514900495
ENSG00000272540,0.0,0.0,-2.4518783086844342,0.3581614247996791,False,1.7614708169480548e-08,-5524.394784423971
ENSG00000272717,3.499799375861201e-07,4.751760128201794e-07,4.448516375942713,0.0064507530329148,False,0.0076393588499395,0.0
ENSG00000272841,0.0005424155840509,0.000634930391611,1.6604234671669675,0.1998234523362705,False,6.260740790294021e-10,-4039.7002952953776
ENSG00000273010,3.860571291536274e-07,5.199317787794821e-07,-1.271681139703561,0.2189831611840991,False,1.1423387371105826e-09,-4276.568699440293
ENSG00000273062,0.0,0.0,-3.343827866117768,0.2790711921770445,False,1.076842686310731e-09,-4754.277913086252
ENSG00000273149,1.8210543034302692e-05,2.2923321759260427e-05,-0.9811894912942004,26.23759914869692,False,1.6593748536418993e-08,-31881.67022447149
ENSG00000273192,0.0,0.0,5.834810737062602,0.1288293277750202,False,6.969818994939779e-11,-2810.054222334971
ENSG00000275454,0.0,0.0,0.6890772855396701,1.292586308915536,False,5.035182018531452e-09,-11543.337189671887
ENSG00000275807,0.0,0.0,-1.1512062669779342,0.1821829824150204,False,6.628330795845703e-10,-3712.9991501104655
ENSG00000276185,0.0,0.0,1.8645188235104828,0.324405328092711,False,1.6301538789932936e-09,-5264.909278440648
ENSG00000277368,1.1197709426369329e-12,1.8155509458288133e-12,1.8274775518301336,0.0836467887234579,False,7.970645800905422e-10,-2170.6488520824296
ENSG00000278713,0.0,0.0,1.2878295030015678,0.3201892521919035,False,1.8035676400910987e-10,-5301.078264593381
ENSG00000279198,0.0,0.0,1.72199375460734,0.996369276263786,False,3.717272718814529e-11,-9869.9305572932
ENSG00000279641,0.0,0.0,0.8734233599274702,2.6084318380744778,False,1.8537814970231583e-10,-15838.100493841725
ENSG00000279827,0.0,0.0,1.6115449330822844,0.1612942957344268,False,6.746157684226919e-10,-3378.5043308673908
ENSG00000280160,0.0,0.0,2.024970151400577,0.7655720557274222,False,1.7447366519834634e-09,-8668.286148769152
ENSG00000280195,0.0,0.0,-0.6712035511221881,0.7637309688743584,False,3.940495084561494e-09,-8994.984337167232
ENSG00000280441,0.0009033182012985,0.0010475981917836,3.637711834082476,0.0266729790906532,False,5.602770609690575e-11,-913.9958602429316
ENSG00000280486,0.0,0.0,1.2543543533704054,0.924687496290022,False,3.959891225114677e-09,-9703.03503065376
ENSG00000280594,0.0,0.0,1.4235120735295634,0.2944352579652254,False,3.78145561089274e-09,-5054.181754228416
ENSG00000280614,0.0005150951825825,0.0006043622634047,-1.429970994064082,242.78531088666028,False,2.754031654653009e-09,-48509.08870958981
ENSG00000281376,0.0,0.0,2.4965197808309982,0.2258799351264234,False,4.6568972496099616e-11,-4188.488552336709
ENSG00000282951,0.0,0.0,3.7553691953827673,0.099113033392557,False,5.305809420339158e-10,-2327.779206014241
ENSG00000284882,1.6209256159527282e-14,2.8695538289481163e-14,1.5443512959142134,0.2203161537877626,False,7.597780827194631e-10,-4285.49535566252
ENSG00000285565,1.6473505559666535e-08,2.344666558350265e-08,2.5018313655946574,0.0963722818566968,False,8.005513946750021e-11,-2401.4299250479507
ENSG00000285982,0.0,0.0,1.717129493367273,0.0402163248546406,False,0.0162701525233106,-88.16518485456432
ENSG00000286264,0.0,0.0,3.4552645963096915,0.0414123122817307,False,0.021286647109694,-2.566440400441224
ENSG00000287952,0.0,0.0,1.4393097620259223,0.432316554952316,False,7.591598358024687e-10,-6318.8495621868005
ENSG00000288873,0.0,0.0,2.361292693820823,1.0595922750519795,False,4.2936945121006495e-09,-10493.624366652277
ENSG00000289291,3.655431513038821e-11,5.617703030774384e-11,1.1480605640820905,0.2710798581163199,False,5.615946357247678e-10,-4911.551644788285
ENSG00000289308,0.0002786567141304,0.0003331909636738,5.928708792564437,0.0105565310235285,False,0.0025629336379342,-360.900077996199
ENSG00000289740,0.0,0.0,-0.705568765608218,138.71576984531163,False,1.0824384097549001e-08,-43465.02287783732
ENSG00000289891,0.0,0.0,2.6361376195119237,0.1751313070988442,False,8.74153387290661e-10,-3625.4362295389456
